[
  {
    "Nom/ID": "id=75001",
    "color": "FFC425",
    "open": "true",
    "order": 0,
    "title": "Loisirs"
  },
  {
    "Nom/ID": "id=76001",
    "color": "00B159",
    "open": "true",
    "order": 1,
    "title": "IT"
  },
  {
    "Nom/ID": "id=77001",
    "color": "00AEDB",
    "open": "true",
    "order": 2,
    "title": "Articles"
  },
  {
    "Nom/ID": "id=79001",
    "color": "Black",
    "open": "true",
    "order": 2147483647,
    "title": "Trash"
  },
  {
    "Nom/ID": "id=79004",
    "color": "7C4199",
    "open": "true",
    "order": 4,
    "title": "Travail"
  },
  {
    "Nom/ID": "id=91001",
    "color": "D11141",
    "open": "true",
    "order": 5,
    "title": "Vie pratique"
  },
  {
    "Nom/ID": "id=92001",
    "color": "EC098C",
    "open": "true",
    "order": 6,
    "title": "Test"
  }
]