<?xml version="1.0" encoding="UTF-8" ?>
<!DOCTYPE log4j:configuration SYSTEM "log4j.dtd">
<log4j:configuration xmlns:log4j="http://jakarta.apache.org/log4j/">
	<appender name="stdout" class="org.apache.log4j.ConsoleAppender">
	     <param name="threshold" value="INFO"/>
	     <param name="encoding" value="${log.encoding}"/>
	     <layout class="org.apache.log4j.PatternLayout">
	         <param name="ConversionPattern" value="%m%n"/>
	     </layout>
	</appender>
	<appender name="file" class="org.apache.log4j.RollingFileAppender">
	     <param name="file" value="firenze.log"/>
	     <param name="maxFileSize" value="5000KB"/>
	     <param name="maxBackupIndex" value="1"/>
	     <layout class="org.apache.log4j.PatternLayout">
	         <param name="ConversionPattern" value="%d{dd/MM/yyyy-HH:mm:ss} %5p (%F:%L) - %m%n"/>
	     </layout>
	</appender>
	<root>
	     <appender-ref ref="stdout" />
	     <appender-ref ref="file"/>
	</root>
</log4j:configuration>
